Player,Networks
76561198737581625,"['304930.net', '1063730.net']"
76561198079118269,"['578080.net', '1599340.net']"
76561198302651581,"['578080.net', '1172470.net']"
76561199030135765,"['578080.net', '381210.net']"
76561197977913023,"['532210.net', '386360.net']"
76561198388606792,"['10.net', '400.net', '240.net']"
76561197960296929,"['10.net', '400.net', '240.net']"
76561197960319772,"['10.net', '400.net', '240.net']"
76561197960399877,"['10.net', '400.net', '240.net']"
76561197960449107,"['10.net', '400.net', '240.net']"
76561197961017729,"['10.net', '400.net', '240.net']"
76561197961226780,"['10.net', '400.net', '240.net']"
76561197963098989,"['10.net', '400.net', '240.net']"
76561197963644049,"['10.net', '400.net', '240.net']"
76561197964020998,"['10.net', '400.net', '240.net']"
76561197964732360,"['10.net', '400.net', '240.net']"
76561197966015623,"['10.net', '400.net', '240.net']"
76561197966292013,"['10.net', '400.net', '240.net']"
76561197966358313,"['10.net', '400.net', '240.net']"
76561197966690560,"['10.net', '400.net', '240.net']"
76561197966733540,"['10.net', '400.net', '240.net']"
76561197967599040,"['10.net', '400.net', '240.net']"
76561197968349152,"['10.net', '400.net', '240.net']"
76561197970209936,"['10.net', '400.net', '240.net']"
76561197970328882,"['10.net', '400.net', '240.net']"
76561197970573134,"['10.net', '400.net', '240.net']"
76561197970655345,"['10.net', '400.net', '240.net']"
76561197970807147,"['10.net', '400.net', '240.net']"
76561197971039477,"['10.net', '400.net', '240.net']"
76561197971496153,"['10.net', '400.net', '240.net']"
76561197971704102,"['10.net', '400.net', '240.net']"
76561197974171741,"['10.net', '400.net', '240.net']"
76561197974424836,"['10.net', '400.net', '240.net']"
76561197974603469,"['10.net', '400.net', '240.net']"
76561197976104678,"['10.net', '400.net', '240.net']"
76561197976326496,"['10.net', '400.net', '240.net']"
76561197976562862,"['10.net', '400.net', '240.net']"
76561197977948044,"['10.net', '400.net', '240.net']"
76561197979230085,"['10.net', '400.net', '240.net']"
76561197979445690,"['10.net', '400.net', '240.net']"
76561197979897991,"['10.net', '400.net', '240.net']"
76561197981312585,"['10.net', '400.net', '240.net']"
76561197981965069,"['10.net', '400.net', '240.net']"
76561197982080441,"['10.net', '400.net', '240.net']"
76561197982504799,"['10.net', '400.net', '240.net']"
76561197982682838,"['10.net', '400.net', '240.net']"
76561197983056341,"['10.net', '400.net', '240.net']"
76561197983974893,"['10.net', '400.net', '240.net']"
76561197985599114,"['10.net', '400.net', '240.net']"
76561197986952613,"['10.net', '400.net', '240.net']"
76561197987564255,"['10.net', '400.net', '240.net']"
76561197990117489,"['10.net', '400.net', '240.net']"
76561197990846700,"['10.net', '400.net', '240.net']"
76561197991212789,"['10.net', '400.net', '240.net']"
76561197992411560,"['10.net', '400.net', '240.net']"
76561197992577568,"['10.net', '400.net', '240.net']"
76561197992625648,"['10.net', '400.net', '240.net', '227300.net']"
76561197992801914,"['10.net', '400.net', '240.net']"
76561197993116683,"['10.net', '400.net', '240.net']"
76561197993365789,"['10.net', '400.net', '240.net']"
76561197993816475,"['10.net', '400.net', '240.net']"
76561197994479378,"['10.net', '400.net', '240.net']"
76561197994541391,"['10.net', '400.net', '240.net']"
76561197994799993,"['10.net', '400.net', '240.net']"
76561197995264873,"['10.net', '400.net', '240.net']"
76561197996432822,"['10.net', '400.net', '240.net']"
76561197996657780,"['10.net', '400.net', '240.net']"
76561197996920174,"['10.net', '400.net', '240.net']"
76561197997490923,"['10.net', '400.net', '240.net']"
76561197997740965,"['10.net', '400.net', '240.net']"
76561197998365611,"['10.net', '400.net', '240.net']"
76561197999718920,"['10.net', '400.net', '240.net']"
76561198000159766,"['10.net', '400.net', '240.net']"
76561198001046135,"['10.net', '400.net', '240.net']"
76561198001731819,"['10.net', '400.net', '240.net']"
76561198001741328,"['10.net', '400.net', '240.net']"
76561198002297006,"['10.net', '400.net', '240.net']"
76561198003477240,"['10.net', '400.net', '240.net']"
76561198004183961,"['10.net', '400.net', '240.net']"
76561198004332929,"['10.net', '8930.net', '400.net', '240.net']"
76561198005282571,"['10.net', '400.net', '240.net']"
76561198005447651,"['10.net', '400.net', '240.net']"
76561198006449868,"['10.net', '400.net', '240.net']"
76561198006856340,"['10.net', '400.net', '240.net', '320.net']"
76561198006882147,"['10.net', '400.net', '240.net']"
76561198006936329,"['10.net', '400.net', '240.net']"
76561198007592055,"['10.net', '400.net', '240.net']"
76561198009957995,"['10.net', '400.net', '240.net']"
76561198010745159,"['10.net', '400.net', '240.net']"
76561198010883205,"['10.net', '400.net', '240.net']"
76561198011815288,"['10.net', '400.net', '240.net']"
76561198012000960,"['10.net', '400.net', '240.net']"
76561198012038247,"['10.net', '400.net', '240.net', '236390.net']"
76561198012052601,"['10.net', '400.net', '240.net']"
76561198012308696,"['10.net', '400.net', '240.net']"
76561198013858012,"['10.net', '400.net', '240.net']"
76561198014510032,"['10.net', '400.net', '240.net']"
76561198015400432,"['10.net', '400.net', '240.net']"
76561198016046767,"['10.net', '400.net', '240.net']"
76561198016485965,"['10.net', '400.net', '240.net']"
76561198017014098,"['10.net', '400.net', '240.net']"
76561198017142635,"['10.net', '400.net', '240.net']"
76561198018147970,"['10.net', '400.net', '240.net']"
76561198018402304,"['10.net', '400.net', '240.net']"
76561198018549549,"['10.net', '400.net', '240.net']"
76561198019163078,"['10.net', '400.net', '240.net']"
76561198019560511,"['10.net', '400.net', '240.net']"
76561198019696137,"['10.net', '400.net', '240.net']"
76561198020804059,"['10.net', '400.net', '240.net']"
76561198020850053,"['10.net', '400.net', '240.net']"
76561198021421836,"['10.net', '400.net', '240.net']"
76561198021426074,"['10.net', '400.net', '240.net']"
76561198022056631,"['10.net', '400.net', '240.net']"
76561198022489081,"['10.net', '400.net', '240.net']"
76561198022823095,"['10.net', '400.net', '240.net']"
76561198022958715,"['10.net', '400.net', '240.net']"
76561198023040543,"['10.net', '400.net', '240.net']"
76561198023296561,"['10.net', '400.net', '240.net']"
76561198023315157,"['10.net', '400.net', '240.net']"
76561198023955827,"['10.net', '400.net', '240.net']"
76561198024340430,"['10.net', '400.net', '240.net']"
76561198024473203,"['10.net', '400.net', '240.net']"
76561198025117688,"['10.net', '400.net', '240.net']"
76561198025445358,"['10.net', '400.net', '240.net']"
76561198025793089,"['10.net', '400.net', '240.net']"
76561198026026205,"['10.net', '400.net', '240.net']"
76561198026710107,"['10.net', '400.net', '240.net']"
76561198027066612,"['10.net', '400.net', '240.net']"
76561198027194837,"['10.net', '400.net', '240.net']"
76561198027732341,"['10.net', '400.net', '240.net']"
76561198027912593,"['10.net', '400.net', '901583.net', '240.net']"
76561198027982510,"['10.net', '400.net', '240.net']"
76561198027988453,"['10.net', '400.net', '240.net']"
76561198028639597,"['10.net', '400.net', '240.net']"
76561198028795534,"['10.net', '400.net', '240.net']"
76561198028821337,"['10.net', '400.net', '240.net']"
76561198028952690,"['10.net', '400.net', '240.net']"
76561198029138603,"['10.net', '400.net', '240.net']"
76561198030185721,"['10.net', '400.net', '240.net']"
76561198030218808,"['10.net', '400.net', '240.net']"
76561198030389150,"['10.net', '400.net', '240.net']"
76561198031759629,"['10.net', '400.net', '240.net']"
76561198032429352,"['10.net', '400.net', '240.net']"
76561198032439242,"['10.net', '400.net', '240.net']"
76561198033164468,"['10.net', '400.net', '240.net']"
76561198034572881,"['10.net', '400.net', '240.net']"
76561198035201897,"['10.net', '400.net', '240.net']"
76561198035391007,"['10.net', '400.net', '240.net']"
76561198035452267,"['10.net', '400.net', '240.net']"
76561198036629241,"['10.net', '400.net', '240.net']"
76561198036995672,"['10.net', '400.net', '240.net']"
76561198037514552,"['10.net', '400.net', '240.net']"
76561198037796318,"['10.net', '400.net', '240.net']"
76561198038714249,"['10.net', '400.net', '240.net']"
76561198039437954,"['10.net', '400.net', '240.net']"
76561198039580161,"['10.net', '400.net', '240.net']"
76561198040178115,"['10.net', '400.net', '240.net']"
76561198040603565,"['10.net', '400.net', '240.net']"
76561198040702614,"['10.net', '400.net', '240.net']"
76561198040722710,"['10.net', '400.net', '240.net']"
76561198042122028,"['10.net', '400.net', '240.net']"
76561198042129924,"['10.net', '400.net', '240.net']"
76561198042311658,"['10.net', '400.net', '240.net']"
76561198042914217,"['10.net', '400.net', '240.net']"
76561198043040826,"['10.net', '400.net', '240.net']"
76561198043496089,"['10.net', '400.net', '340.net', '240.net']"
76561198043774647,"['10.net', '400.net', '240.net']"
76561198044596404,"['10.net', '400.net', '240.net']"
76561198045027091,"['10.net', '400.net', '240.net']"
76561198045144284,"['10.net', '400.net', '240.net']"
76561198045985912,"['10.net', '400.net', '240.net']"
76561198046184882,"['10.net', '400.net', '240.net']"
76561198046473642,"['10.net', '400.net', '240.net']"
76561198046573653,"['10.net', '400.net', '240.net']"
76561198046753452,"['10.net', '400.net', '240.net']"
76561198046794396,"['10.net', '400.net', '240.net']"
76561198046878040,"['10.net', '400.net', '240.net']"
76561198046902733,"['10.net', '400.net', '240.net']"
76561198046959401,"['10.net', '400.net', '240.net']"
76561198047133761,"['10.net', '400.net', '240.net']"
76561198047212447,"['10.net', '400.net', '240.net']"
76561198047813579,"['10.net', '400.net', '240.net']"
76561198047941335,"['10.net', '400.net', '240.net']"
76561198047983237,"['10.net', '400.net', '240.net']"
76561198048680783,"['10.net', '400.net', '240.net']"
76561198048842929,"['10.net', '400.net', '240.net']"
76561198048903975,"['10.net', '400.net', '240.net']"
76561198049389581,"['10.net', '400.net', '240.net']"
76561198049616787,"['10.net', '400.net', '240.net']"
76561198050007324,"['10.net', '400.net', '240.net']"
76561198050171279,"['10.net', '400.net', '240.net']"
76561198051439883,"['10.net', '400.net', '240.net']"
76561198051501999,"['10.net', '400.net', '240.net']"
76561198051518455,"['10.net', '400.net', '240.net']"
76561198052430405,"['10.net', '400.net', '240.net']"
76561198052687156,"['10.net', '400.net', '240.net']"
76561198053078710,"['10.net', '400.net', '240.net']"
76561198053095360,"['10.net', '400.net', '240.net']"
76561198053810623,"['10.net', '400.net', '240.net']"
76561198054113656,"['10.net', '400.net', '240.net']"
76561198055104653,"['10.net', '400.net', '240.net', '320.net']"
76561198055160598,"['10.net', '400.net', '240.net']"
76561198056025802,"['10.net', '400.net', '240.net']"
76561198056683657,"['10.net', '400.net', '240.net']"
76561198056783851,"['10.net', '400.net', '240.net']"
76561198056945369,"['10.net', '400.net', '240.net']"
76561198057757047,"['10.net', '400.net', '240.net']"
76561198058274045,"['10.net', '400.net', '240.net']"
76561198058595181,"['10.net', '400.net', '240.net']"
76561198058810024,"['10.net', '400.net', '240.net']"
76561198058914683,"['10.net', '400.net', '240.net', '320.net']"
76561198059023162,"['10.net', '400.net', '240.net']"
76561198059045682,"['10.net', '400.net', '240.net']"
76561198059135979,"['10.net', '400.net', '240.net']"
76561198059477112,"['10.net', '400.net', '240.net']"
76561198059621474,"['10.net', '400.net', '240.net']"
76561198059884184,"['10.net', '400.net', '240.net']"
76561198060698936,"['10.net', '400.net', '240.net']"
76561198061409413,"['10.net', '400.net', '240.net']"
76561198061983670,"['10.net', '400.net', '240.net']"
76561198063105505,"['10.net', '400.net', '240.net']"
76561198064156757,"['10.net', '8930.net', '400.net', '240.net', '227300.net']"
76561198064227119,"['10.net', '400.net', '240.net']"
76561198064389068,"['10.net', '400.net', '240.net']"
76561198065072894,"['10.net', '400.net', '240.net']"
76561198065195582,"['10.net', '400.net', '240.net']"
76561198065422379,"['10.net', '400.net', '240.net']"
76561198065587562,"['10.net', '400.net', '240.net']"
76561198065630139,"['10.net', '400.net', '240.net']"
76561198066150579,"['10.net', '400.net', '240.net']"
76561198066644529,"['10.net', '400.net', '240.net']"
76561198066682169,"['10.net', '400.net', '240.net']"
76561198066713131,"['10.net', '400.net', '240.net']"
76561198066879913,"['10.net', '400.net', '240.net']"
76561198066904269,"['10.net', '400.net', '240.net']"
76561198067503741,"['10.net', '400.net', '240.net']"
76561198067692560,"['10.net', '400.net', '240.net']"
76561198068017562,"['10.net', '400.net', '240.net']"
76561198068503751,"['10.net', '400.net', '240.net']"
76561198068565431,"['10.net', '400.net', '240.net']"
76561198068765800,"['10.net', '400.net', '240.net']"
76561198068912940,"['10.net', '400.net', '240.net']"
76561198069606971,"['10.net', '400.net', '240.net']"
76561198069711010,"['10.net', '400.net', '240.net']"
76561198070419534,"['10.net', '400.net', '240.net']"
76561198071137272,"['10.net', '400.net', '240.net']"
76561198071764735,"['10.net', '400.net', '240.net']"
76561198071908295,"['10.net', '400.net', '240.net']"
76561198072381855,"['10.net', '400.net', '240.net']"
76561198072388556,"['10.net', '400.net', '240.net']"
76561198072450734,"['10.net', '400.net', '240.net']"
76561198072990751,"['10.net', '400.net', '240.net']"
76561198073132998,"['10.net', '400.net', '240.net']"
76561198073489181,"['10.net', '400.net', '240.net']"
76561198073546610,"['10.net', '400.net', '240.net']"
76561198073874742,"['10.net', '400.net', '240.net']"
76561198074116796,"['10.net', '400.net', '240.net']"
76561198074187907,"['10.net', '400.net', '240.net']"
76561198074329681,"['10.net', '400.net', '901583.net', '240.net']"
76561198074895040,"['10.net', '400.net', '240.net']"
76561198075712654,"['10.net', '400.net', '240.net']"
76561198075943714,"['10.net', '400.net', '240.net', '320.net']"
76561198076515464,"['10.net', '400.net', '240.net']"
76561198076831374,"['10.net', '400.net', '240.net']"
76561198077167832,"['10.net', '400.net', '240.net']"
76561198080091744,"['10.net', '400.net', '240.net']"
76561198080213798,"['10.net', '400.net', '240.net']"
76561198080294771,"['10.net', '400.net', '240.net']"
76561198080384194,"['10.net', '400.net', '240.net']"
76561198081115079,"['10.net', '400.net', '240.net']"
76561198081616643,"['10.net', '400.net', '240.net']"
76561198081816795,"['10.net', '400.net', '240.net']"
76561198081991599,"['10.net', '400.net', '240.net']"
76561198082837215,"['10.net', '400.net', '240.net']"
76561198083430699,"['10.net', '400.net', '240.net']"
76561198083486717,"['10.net', '400.net', '240.net']"
76561198083658043,"['10.net', '400.net', '240.net']"
76561198084088151,"['10.net', '400.net', '240.net']"
76561198084373399,"['10.net', '400.net', '240.net']"
76561198084404077,"['10.net', '400.net', '240.net']"
76561198085711378,"['10.net', '400.net', '240.net']"
76561198086678363,"['10.net', '400.net', '240.net']"
76561198086953249,"['10.net', '400.net', '240.net']"
76561198087953152,"['10.net', '400.net', '240.net']"
76561198088042241,"['10.net', '400.net', '240.net']"
76561198088605149,"['10.net', '400.net', '240.net']"
76561198088633524,"['10.net', '400.net', '240.net']"
76561198089200737,"['10.net', '400.net', '240.net']"
76561198089818695,"['10.net', '400.net', '240.net']"
76561198090057864,"['10.net', '400.net', '240.net']"
76561198090664778,"['10.net', '400.net', '240.net']"
76561198090984788,"['10.net', '431960.net', '400.net', '240.net']"
76561198091161872,"['10.net', '400.net', '240.net']"
76561198091280701,"['10.net', '400.net', '240.net']"
76561198091693867,"['10.net', '400.net', '240.net']"
76561198092397950,"['10.net', '400.net', '240.net']"
76561198092821336,"['10.net', '400.net', '240.net']"
76561198092849790,"['10.net', '400.net', '240.net']"
76561198093156334,"['10.net', '400.net', '240.net']"
76561198093779272,"['10.net', '400.net', '240.net']"
76561198094017082,"['10.net', '400.net', '240.net']"
76561198094701806,"['10.net', '400.net', '240.net']"
76561198094718811,"['10.net', '400.net', '240.net']"
76561198094759737,"['10.net', '400.net', '240.net']"
76561198094860288,"['10.net', '400.net', '240.net']"
76561198095036815,"['10.net', '400.net', '240.net']"
76561198095189636,"['10.net', '400.net', '240.net']"
76561198095212046,"['10.net', '400.net', '240.net']"
76561198096543951,"['10.net', '400.net', '240.net', '320.net']"
76561198096752471,"['10.net', '400.net', '240.net']"
76561198096886602,"['10.net', '400.net', '240.net']"
76561198097520585,"['10.net', '400.net', '240.net']"
76561198097744675,"['10.net', '400.net', '240.net']"
76561198097817251,"['10.net', '400.net', '240.net']"
76561198097874783,"['10.net', '400.net', '240.net']"
76561198097919307,"['10.net', '400.net', '240.net']"
76561198098426434,"['10.net', '400.net', '240.net']"
76561198098567761,"['10.net', '400.net', '240.net']"
76561198098664282,"['10.net', '400.net', '240.net']"
76561198098680293,"['10.net', '400.net', '240.net']"
76561198098942259,"['10.net', '400.net', '240.net']"
76561198099443848,"['10.net', '400.net', '240.net']"
76561198099555803,"['10.net', '400.net', '240.net']"
76561198099883598,"['10.net', '400.net', '240.net']"
76561198100285131,"['10.net', '400.net', '240.net']"
76561198100444128,"['10.net', '400.net', '240.net']"
76561198100734516,"['10.net', '400.net', '901583.net', '240.net']"
76561198101183043,"['10.net', '400.net', '240.net']"
76561198101317849,"['10.net', '400.net', '240.net']"
76561198101461157,"['10.net', '400.net', '240.net']"
76561198101781707,"['10.net', '400.net', '240.net']"
76561198101803605,"['10.net', '400.net', '240.net']"
76561198102835305,"['10.net', '400.net', '240.net']"
76561198102922793,"['10.net', '400.net', '240.net']"
76561198103654291,"['10.net', '400.net', '240.net']"
76561198103670991,"['10.net', '400.net', '240.net']"
76561198103754372,"['10.net', '400.net', '240.net']"
76561198104567703,"['10.net', '400.net', '240.net']"
76561198105915393,"['10.net', '400.net', '240.net']"
76561198106788528,"['10.net', '400.net', '240.net']"
76561198107134405,"['10.net', '400.net', '240.net']"
76561198107473099,"['10.net', '400.net', '240.net']"
76561198108581917,"['10.net', '400.net', '240.net']"
76561198109138783,"['10.net', '400.net', '240.net']"
76561198109696145,"['10.net', '400.net', '240.net']"
76561198110718875,"['10.net', '400.net', '240.net']"
76561198110784623,"['10.net', '400.net', '240.net']"
76561198111388292,"['10.net', '400.net', '240.net']"
76561198111715876,"['10.net', '400.net', '240.net']"
76561198112704069,"['10.net', '400.net', '240.net']"
76561198112942643,"['10.net', '400.net', '240.net']"
76561198113119565,"['10.net', '400.net', '240.net']"
76561198113758912,"['10.net', '400.net', '240.net']"
76561198113907628,"['10.net', '400.net', '240.net']"
76561198114419837,"['10.net', '400.net', '240.net']"
76561198114907510,"['10.net', '400.net', '240.net']"
76561198115764885,"['10.net', '400.net', '240.net']"
76561198115809507,"['10.net', '400.net', '240.net']"
76561198116280081,"['10.net', '400.net', '240.net']"
76561198116576201,"['10.net', '400.net', '381210.net', '240.net']"
76561198116666962,"['10.net', '400.net', '240.net']"
76561198116811818,"['10.net', '400.net', '240.net']"
76561198117639375,"['10.net', '400.net', '240.net']"
76561198118208444,"['10.net', '400.net', '240.net']"
76561198118737017,"['10.net', '400.net', '240.net']"
76561198119462844,"['10.net', '400.net', '240.net']"
76561198120109043,"['10.net', '400.net', '240.net']"
76561198120678753,"['10.net', '400.net', '240.net']"
76561198121089729,"['10.net', '400.net', '240.net']"
76561198121253388,"['10.net', '400.net', '240.net']"
76561198122070915,"['10.net', '400.net', '240.net']"
76561198122635091,"['10.net', '400.net', '240.net']"
76561198122813254,"['10.net', '400.net', '240.net']"
76561198123060255,"['10.net', '400.net', '240.net']"
76561198123328995,"['10.net', '400.net', '240.net']"
76561198123391690,"['10.net', '400.net', '240.net']"
76561198123836735,"['10.net', '400.net', '240.net']"
76561198124808374,"['10.net', '400.net', '240.net']"
76561198125104522,"['10.net', '400.net', '240.net']"
76561198125360053,"['10.net', '400.net', '240.net']"
76561198125421268,"['10.net', '400.net', '240.net']"
76561198125828925,"['10.net', '400.net', '240.net']"
76561198125935699,"['10.net', '400.net', '240.net']"
76561198126667779,"['10.net', '400.net', '240.net']"
76561198126912403,"['10.net', '400.net', '240.net']"
76561198126948993,"['10.net', '400.net', '240.net']"
76561198127042541,"['10.net', '400.net', '240.net']"
76561198127071131,"['10.net', '400.net', '240.net']"
76561198127320557,"['10.net', '400.net', '240.net']"
76561198127891988,"['10.net', '400.net', '240.net']"
76561198128854092,"['10.net', '400.net', '240.net']"
76561198128863581,"['10.net', '400.net', '240.net']"
76561198129620229,"['10.net', '400.net', '240.net']"
76561198129829905,"['10.net', '400.net', '240.net']"
76561198129835897,"['10.net', '400.net', '240.net']"
76561198130830727,"['10.net', '400.net', '240.net']"
76561198130842828,"['10.net', '400.net', '240.net']"
76561198131702359,"['10.net', '400.net', '240.net']"
76561198131711445,"['10.net', '400.net', '240.net']"
76561198131890476,"['10.net', '400.net', '240.net']"
76561198131898722,"['10.net', '400.net', '240.net']"
76561198131920654,"['10.net', '400.net', '240.net']"
76561198132261532,"['10.net', '400.net', '240.net']"
76561198133588071,"['10.net', '400.net', '240.net']"
76561198133688448,"['10.net', '400.net', '240.net']"
76561198135780449,"['10.net', '400.net', '240.net']"
76561198136102767,"['10.net', '400.net', '240.net']"
76561198136842611,"['10.net', '400.net', '240.net']"
76561198137834376,"['10.net', '400.net', '240.net']"
76561198137899539,"['10.net', '400.net', '240.net']"
76561198138572086,"['10.net', '400.net', '240.net']"
76561198138702126,"['10.net', '400.net', '240.net']"
76561198139103521,"['10.net', '400.net', '240.net']"
76561198139208573,"['10.net', '400.net', '240.net']"
76561198139299519,"['10.net', '400.net', '240.net']"
76561198139510246,"['10.net', '400.net', '240.net']"
76561198139638797,"['10.net', '400.net', '240.net']"
76561198139664290,"['10.net', '400.net', '240.net']"
76561198139925168,"['10.net', '400.net', '240.net']"
76561198140280740,"['10.net', '400.net', '240.net']"
76561198140534465,"['10.net', '400.net', '240.net']"
76561198140941848,"['10.net', '400.net', '240.net']"
76561198141264120,"['10.net', '400.net', '240.net']"
76561198141388005,"['10.net', '400.net', '240.net']"
76561198141646964,"['10.net', '400.net', '240.net']"
76561198142384195,"['10.net', '400.net', '240.net']"
76561198142428670,"['10.net', '400.net', '240.net']"
76561198142512701,"['10.net', '400.net', '240.net']"
76561198142993979,"['10.net', '400.net', '240.net']"
76561198143262094,"['10.net', '400.net', '240.net']"
76561198143391900,"['10.net', '400.net', '240.net']"
76561198144063582,"['10.net', '400.net', '240.net']"
76561198144122436,"['10.net', '400.net', '240.net']"
76561198144420779,"['10.net', '400.net', '240.net']"
76561198145216795,"['10.net', '400.net', '240.net']"
76561198145408557,"['10.net', '400.net', '240.net']"
76561198146274387,"['10.net', '400.net', '240.net']"
76561198146377939,"['10.net', '400.net', '240.net']"
76561198148603626,"['10.net', '400.net', '240.net']"
76561198149085211,"['10.net', '400.net', '240.net']"
76561198149268481,"['10.net', '400.net', '240.net']"
76561198149405375,"['10.net', '400.net', '240.net']"
76561198150817546,"['10.net', '400.net', '240.net']"
76561198151170368,"['10.net', '400.net', '240.net']"
76561198152361024,"['10.net', '400.net', '240.net']"
76561198153121672,"['10.net', '400.net', '240.net']"
76561198153436884,"['10.net', '400.net', '240.net']"
76561198153737831,"['10.net', '400.net', '240.net']"
76561198154019316,"['10.net', '400.net', '240.net', '320.net']"
76561198154151062,"['10.net', '400.net', '240.net', '320.net']"
76561198154345353,"['10.net', '400.net', '240.net']"
76561198154424636,"['10.net', '400.net', '240.net']"
76561198154620704,"['10.net', '400.net', '240.net']"
76561198154709621,"['10.net', '400.net', '240.net']"
76561198155036991,"['10.net', '400.net', '240.net']"
76561198156237043,"['10.net', '400.net', '240.net']"
76561198156868867,"['10.net', '400.net', '240.net']"
76561198157428338,"['10.net', '400.net', '240.net']"
76561198157556667,"['10.net', '400.net', '240.net']"
76561198158022300,"['10.net', '400.net', '240.net']"
76561198158820156,"['10.net', '400.net', '240.net']"
76561198158954387,"['10.net', '400.net', '240.net']"
76561198158955498,"['10.net', '400.net', '240.net']"
76561198160398410,"['10.net', '400.net', '240.net']"
76561198160524626,"['10.net', '400.net', '240.net']"
76561198160755784,"['10.net', '400.net', '240.net']"
76561198162174397,"['10.net', '400.net', '240.net']"
76561198162342545,"['10.net', '400.net', '240.net']"
76561198162557489,"['10.net', '400.net', '240.net']"
76561198163601209,"['10.net', '400.net', '240.net']"
76561198164341704,"['10.net', '400.net', '240.net']"
76561198164401493,"['10.net', '400.net', '240.net']"
76561198164471663,"['10.net', '400.net', '240.net']"
76561198164759179,"['10.net', '400.net', '240.net']"
76561198165172000,"['10.net', '400.net', '240.net']"
76561198165222295,"['10.net', '400.net', '240.net']"
76561198166253582,"['10.net', '400.net', '240.net']"
76561198166254461,"['10.net', '400.net', '240.net']"
76561198166902116,"['10.net', '400.net', '240.net']"
76561198167390493,"['10.net', '400.net', '240.net']"
76561198167394188,"['10.net', '400.net', '240.net']"
76561198167697627,"['10.net', '400.net', '240.net']"
76561198168510701,"['10.net', '400.net', '240.net']"
76561198170044425,"['10.net', '400.net', '240.net']"
76561198171510887,"['10.net', '400.net', '240.net']"
76561198172925593,"['10.net', '400.net', '240.net']"
76561198174174686,"['10.net', '400.net', '240.net']"
76561198176462195,"['10.net', '400.net', '240.net']"
76561198176584601,"['10.net', '400.net', '240.net']"
76561198176725237,"['10.net', '400.net', '240.net']"
76561198177085597,"['10.net', '400.net', '240.net']"
76561198177801433,"['10.net', '400.net', '240.net']"
76561198178959593,"['10.net', '400.net', '240.net']"
76561198179690843,"['10.net', '400.net', '240.net']"
76561198179933509,"['10.net', '400.net', '240.net']"
76561198180012475,"['10.net', '400.net', '240.net']"
76561198183450315,"['10.net', '400.net', '240.net']"
76561198183595473,"['10.net', '400.net', '240.net']"
76561198186330287,"['10.net', '400.net', '240.net']"
76561198186474793,"['10.net', '400.net', '240.net']"
76561198189629985,"['10.net', '400.net', '240.net', '320.net']"
76561198190515383,"['10.net', '400.net', '240.net']"
76561198190904849,"['10.net', '400.net', '240.net']"
76561198191755365,"['10.net', '400.net', '240.net']"
76561198193401154,"['10.net', '400.net', '240.net']"
76561198194040587,"['10.net', '400.net', '240.net', '322330.net']"
76561198194622907,"['10.net', '400.net', '240.net']"
76561198194680793,"['10.net', '400.net', '240.net']"
76561198194793510,"['10.net', '400.net', '240.net']"
76561198194887130,"['10.net', '400.net', '240.net']"
76561198195101193,"['10.net', '400.net', '240.net']"
76561198195288731,"['10.net', '400.net', '240.net']"
76561198197313378,"['10.net', '400.net', '240.net']"
76561198198620191,"['10.net', '400.net', '240.net']"
76561198199012462,"['10.net', '400.net', '240.net']"
76561198199403091,"['10.net', '400.net', '240.net']"
76561198199595411,"['10.net', '400.net', '240.net']"
76561198199759714,"['10.net', '400.net', '240.net']"
76561198199803885,"['10.net', '400.net', '240.net']"
76561198202201540,"['10.net', '400.net', '240.net']"
76561198202398471,"['10.net', '400.net', '240.net']"
76561198202606668,"['10.net', '400.net', '240.net']"
76561198202755366,"['10.net', '400.net', '240.net']"
76561198202962493,"['10.net', '400.net', '240.net']"
76561198203390228,"['10.net', '400.net', '240.net']"
76561198206823421,"['10.net', '400.net', '240.net']"
76561198206988028,"['10.net', '400.net', '240.net']"
76561198207184619,"['10.net', '400.net', '240.net']"
76561198208823028,"['10.net', '400.net', '240.net']"
76561198209258795,"['10.net', '400.net', '240.net']"
76561198210749689,"['10.net', '400.net', '240.net']"
76561198212534332,"['10.net', '400.net', '240.net']"
76561198213517555,"['10.net', '400.net', '240.net']"
76561198214016693,"['10.net', '400.net', '240.net']"
76561198214202736,"['10.net', '400.net', '240.net']"
76561198214357488,"['10.net', '400.net', '240.net']"
76561198214571067,"['10.net', '400.net', '240.net']"
76561198215754123,"['10.net', '400.net', '240.net']"
76561198216182441,"['10.net', '400.net', '240.net']"
76561198217272416,"['10.net', '400.net', '240.net']"
76561198219263673,"['10.net', '400.net', '240.net']"
76561198219977223,"['10.net', '400.net', '240.net']"
76561198228468060,"['10.net', '400.net', '240.net']"
76561198229944244,"['10.net', '400.net', '240.net']"
76561198232100960,"['10.net', '400.net', '240.net']"
76561198236727636,"['10.net', '400.net', '240.net']"
76561198236734910,"['10.net', '400.net', '240.net']"
76561198236884310,"['10.net', '400.net', '240.net']"
76561198237648498,"['10.net', '400.net', '240.net']"
76561198240797186,"['10.net', '400.net', '240.net']"
76561198243230504,"['10.net', '400.net', '240.net']"
76561198243424958,"['10.net', '400.net', '240.net']"
76561198244040120,"['10.net', '400.net', '240.net']"
76561198245272734,"['10.net', '400.net', '240.net']"
76561198247924114,"['10.net', '400.net', '240.net']"
76561198248230870,"['10.net', '400.net', '240.net']"
76561198248348858,"['10.net', '400.net', '240.net']"
76561198249874176,"['10.net', '400.net', '240.net']"
76561198249954826,"['10.net', '400.net', '240.net']"
76561198253119582,"['10.net', '400.net', '240.net']"
76561198253131963,"['10.net', '400.net', '240.net']"
76561198253522335,"['10.net', '400.net', '240.net']"
76561198254263601,"['10.net', '400.net', '240.net']"
76561198254944913,"['10.net', '400.net', '240.net']"
76561198256314078,"['10.net', '400.net', '240.net']"
76561198256614686,"['10.net', '400.net', '240.net']"
76561198257538617,"['10.net', '400.net', '240.net']"
76561198257801208,"['10.net', '400.net', '240.net']"
76561198258308881,"['10.net', '400.net', '240.net']"
76561198258929285,"['10.net', '400.net', '240.net']"
76561198259213851,"['10.net', '400.net', '240.net']"
76561198259246910,"['10.net', '400.net', '240.net']"
76561198260031749,"['10.net', '400.net', '240.net']"
76561198260175926,"['10.net', '400.net', '240.net']"
76561198260246137,"['10.net', '400.net', '240.net']"
76561198261000322,"['10.net', '400.net', '240.net']"
76561198262105264,"['10.net', '400.net', '240.net']"
76561198262332685,"['10.net', '400.net', '240.net', '320.net']"
76561198262935165,"['10.net', '400.net', '240.net']"
76561198263106234,"['10.net', '400.net', '240.net', '320.net']"
76561198263784049,"['10.net', '400.net', '240.net']"
76561198264270627,"['10.net', '400.net', '240.net']"
76561198265379142,"['10.net', '400.net', '240.net']"
76561198267299414,"['10.net', '400.net', '240.net']"
76561198267656653,"['10.net', '400.net', '240.net']"
76561198268749500,"['10.net', '400.net', '240.net']"
76561198269216043,"['10.net', '400.net', '240.net']"
76561198269278298,"['10.net', '400.net', '240.net']"
76561198270969593,"['10.net', '400.net', '240.net']"
76561198271190947,"['10.net', '400.net', '240.net']"
76561198271603105,"['10.net', '400.net', '240.net']"
76561198271749026,"['10.net', '400.net', '240.net']"
76561198272344790,"['10.net', '400.net', '240.net']"
76561198272916206,"['10.net', '400.net', '240.net']"
76561198273071707,"['10.net', '400.net', '240.net']"
76561198274151104,"['10.net', '400.net', '240.net']"
76561198274514355,"['10.net', '400.net', '240.net']"
76561198274950846,"['10.net', '400.net', '240.net']"
76561198275157437,"['10.net', '400.net', '240.net']"
76561198275603914,"['10.net', '400.net', '240.net']"
76561198275627367,"['10.net', '400.net', '240.net']"
76561198276673546,"['10.net', '400.net', '240.net']"
76561198276996663,"['10.net', '400.net', '240.net']"
76561198278436637,"['10.net', '400.net', '240.net']"
76561198278467089,"['10.net', '400.net', '240.net']"
76561198279236704,"['10.net', '400.net', '240.net']"
76561198279421762,"['10.net', '400.net', '240.net']"
76561198280146539,"['10.net', '400.net', '240.net']"
76561198280935808,"['10.net', '400.net', '240.net']"
76561198282828702,"['10.net', '400.net', '240.net']"
76561198282845463,"['10.net', '400.net', '240.net']"
76561198282982809,"['10.net', '400.net', '240.net']"
76561198283150543,"['10.net', '400.net', '240.net']"
76561198285573041,"['10.net', '400.net', '240.net']"
76561198286152927,"['10.net', '400.net', '240.net']"
76561198287773135,"['10.net', '400.net', '240.net']"
76561198288572697,"['10.net', '400.net', '240.net']"
76561198289734401,"['10.net', '400.net', '240.net']"
76561198290655767,"['10.net', '400.net', '240.net']"
76561198291289953,"['10.net', '400.net', '240.net']"
76561198292021227,"['10.net', '400.net', '240.net']"
76561198292450567,"['10.net', '400.net', '240.net']"
76561198292513503,"['10.net', '400.net', '240.net']"
76561198292577516,"['10.net', '400.net', '240.net']"
76561198293660577,"['10.net', '400.net', '240.net']"
76561198293868885,"['10.net', '400.net', '240.net']"
76561198294112911,"['10.net', '400.net', '240.net']"
76561198294717570,"['10.net', '400.net', '240.net']"
76561198294877091,"['10.net', '400.net', '240.net']"
76561198295292850,"['10.net', '400.net', '240.net']"
76561198295864174,"['10.net', '400.net', '240.net']"
76561198296618762,"['10.net', '400.net', '240.net']"
76561198296911654,"['10.net', '400.net', '240.net']"
76561198297296547,"['10.net', '400.net', '240.net']"
76561198298714192,"['10.net', '400.net', '240.net']"
76561198299310540,"['10.net', '400.net', '240.net']"
76561198299372290,"['10.net', '400.net', '240.net']"
76561198300405331,"['10.net', '400.net', '240.net']"
76561198300533842,"['10.net', '400.net', '240.net']"
76561198300756230,"['10.net', '400.net', '240.net']"
76561198302397302,"['10.net', '400.net', '240.net']"
76561198304270513,"['10.net', '400.net', '240.net']"
76561198304568514,"['10.net', '400.net', '240.net']"
76561198304570117,"['10.net', '400.net', '240.net']"
76561198304857145,"['10.net', '400.net', '240.net']"
76561198306054397,"['10.net', '400.net', '240.net']"
76561198306359300,"['10.net', '400.net', '240.net']"
76561198307754420,"['10.net', '400.net', '240.net']"
76561198308200431,"['10.net', '400.net', '240.net']"
76561198308628242,"['10.net', '400.net', '240.net']"
76561198308877831,"['10.net', '400.net', '240.net']"
76561198309005359,"['10.net', '400.net', '240.net']"
76561198310862754,"['10.net', '400.net', '340.net', '240.net']"
76561198311211186,"['10.net', '400.net', '240.net']"
76561198311861003,"['10.net', '400.net', '240.net']"
76561198311977101,"['10.net', '400.net', '240.net']"
76561198312196006,"['10.net', '400.net', '240.net']"
76561198312926520,"['10.net', '400.net', '240.net']"
76561198313121203,"['10.net', '400.net', '240.net']"
76561198314163681,"['10.net', '400.net', '240.net']"
76561198314628039,"['10.net', '400.net', '240.net']"
76561198315811275,"['10.net', '400.net', '240.net']"
76561198319040455,"['10.net', '400.net', '240.net']"
76561198319473896,"['10.net', '400.net', '240.net']"
76561198320388648,"['10.net', '400.net', '240.net']"
76561198320689015,"['10.net', '400.net', '240.net']"
76561198320920614,"['10.net', '400.net', '240.net']"
76561198322097053,"['10.net', '400.net', '240.net']"
76561198323733815,"['10.net', '400.net', '240.net']"
76561198324100704,"['10.net', '400.net', '240.net']"
76561198324709710,"['10.net', '400.net', '240.net']"
76561198325111639,"['10.net', '400.net', '240.net']"
76561198325669462,"['10.net', '400.net', '240.net']"
76561198326413758,"['10.net', '400.net', '240.net']"
76561198326673989,"['10.net', '400.net', '240.net']"
76561198328116459,"['10.net', '400.net', '240.net']"
76561198329592698,"['10.net', '400.net', '240.net']"
76561198329759380,"['10.net', '400.net', '240.net']"
76561198332444946,"['10.net', '400.net', '240.net']"
76561198333439367,"['10.net', '400.net', '240.net']"
76561198333476736,"['10.net', '400.net', '240.net']"
76561198333926115,"['10.net', '400.net', '240.net']"
76561198335319988,"['10.net', '400.net', '240.net']"
76561198336267866,"['10.net', '400.net', '240.net']"
76561198338807564,"['10.net', '400.net', '240.net']"
76561198339873532,"['10.net', '400.net', '240.net']"
76561198340487715,"['10.net', '400.net', '240.net']"
76561198341085701,"['10.net', '400.net', '240.net']"
76561198342892852,"['10.net', '400.net', '240.net']"
76561198343332824,"['10.net', '400.net', '240.net']"
76561198344158984,"['10.net', '400.net', '240.net']"
76561198345638513,"['10.net', '400.net', '240.net']"
76561198345836572,"['10.net', '400.net', '240.net']"
76561198346302849,"['10.net', '400.net', '240.net']"
76561198346753652,"['10.net', '400.net', '240.net']"
76561198346788135,"['10.net', '400.net', '240.net']"
76561198347649830,"['10.net', '400.net', '240.net']"
76561198348731141,"['10.net', '400.net', '240.net']"
76561198348935730,"['10.net', '400.net', '240.net']"
76561198349489915,"['10.net', '400.net', '240.net']"
76561198349789554,"['10.net', '400.net', '240.net']"
76561198350008392,"['10.net', '400.net', '240.net']"
76561198351042751,"['10.net', '400.net', '240.net']"
76561198351083184,"['10.net', '400.net', '240.net']"
76561198351865642,"['10.net', '400.net', '240.net']"
76561198353182148,"['10.net', '400.net', '240.net']"
76561198353245443,"['10.net', '400.net', '240.net']"
76561198353765493,"['10.net', '431960.net', '400.net', '240.net']"
76561198353967456,"['10.net', '400.net', '240.net']"
76561198354657646,"['10.net', '400.net', '240.net']"
76561198355195688,"['10.net', '400.net', '240.net']"
76561198359161717,"['10.net', '400.net', '240.net']"
76561198359951345,"['10.net', '400.net', '240.net']"
76561198360507645,"['10.net', '400.net', '240.net']"
76561198361226114,"['10.net', '400.net', '240.net']"
76561198362472286,"['10.net', '400.net', '240.net']"
76561198363100621,"['10.net', '400.net', '240.net']"
76561198365122082,"['10.net', '240.net']"
76561198367746463,"['10.net', '240.net']"
76561198367768930,"['10.net', '240.net']"
76561198369097470,"['10.net', '240.net']"
76561198369129664,"['10.net', '240.net']"
76561198371181497,"['10.net', '240.net']"
76561198371352370,"['10.net', '240.net']"
76561198376770408,"['10.net', '240.net']"
76561198377349688,"['10.net', '240.net']"
76561198377402356,"['10.net', '240.net']"
76561198380670676,"['10.net', '240.net']"
76561198381834277,"['10.net', '240.net']"
76561198382305644,"['10.net', '240.net']"
76561198382788069,"['10.net', '240.net', '320.net']"
76561198383111655,"['10.net', '240.net']"
76561198384656055,"['10.net', '240.net']"
76561198385838954,"['10.net', '240.net']"
76561198386067209,"['10.net', '240.net', '320.net']"
76561198389123781,"['10.net', '340.net', '240.net']"
76561198390553992,"['10.net', '240.net']"
76561198392506384,"['10.net', '240.net']"
76561198392846297,"['10.net', '240.net']"
76561198392886441,"['10.net', '240.net']"
76561198393043302,"['10.net', '240.net']"
76561198393867156,"['10.net', '240.net']"
76561198396013989,"['10.net', '240.net']"
76561198397416105,"['10.net', '240.net']"
76561198397722368,"['10.net', '240.net']"
76561198397925231,"['10.net', '240.net']"
76561198399188092,"['10.net', '240.net']"
76561198399899119,"['10.net', '240.net']"
76561198400358040,"['10.net', '240.net']"
76561198400703530,"['10.net', '240.net']"
76561198400802434,"['10.net', '240.net']"
76561198405752636,"['10.net', '240.net']"
76561198405879111,"['10.net', '240.net']"
76561198407957485,"['10.net', '240.net']"
76561198408566333,"['10.net', '240.net']"
76561198408676879,"['10.net', '240.net']"
76561198409345140,"['10.net', '240.net']"
76561198410635634,"['10.net', '240.net']"
76561198410833425,"['10.net', '240.net']"
76561198410857961,"['10.net', '240.net']"
76561198410958939,"['10.net', '240.net']"
76561198411073997,"['10.net', '240.net']"
76561198411310816,"['10.net', '240.net']"
76561198414347789,"['10.net', '240.net']"
76561198415732978,"['10.net', '240.net']"
76561198416734832,"['10.net', '240.net']"
76561198417704112,"['10.net', '240.net']"
76561198418700524,"['10.net', '240.net']"
76561198419258020,"['10.net', '240.net']"
76561198422377977,"['10.net', '240.net']"
76561198423521219,"['10.net', '240.net']"
76561198423572236,"['10.net', '240.net']"
76561198423586017,"['10.net', '240.net']"
76561198423930524,"['10.net', '240.net']"
76561198424779095,"['10.net', '240.net']"
76561198425402438,"['10.net', '240.net']"
76561198426300723,"['10.net', '240.net']"
76561198430398462,"['10.net', '240.net']"
76561198431164174,"['10.net', '240.net']"
76561198431515354,"['10.net', '240.net']"
76561198432993187,"['10.net', '240.net']"
76561198433416529,"['10.net', '240.net']"
76561198436682015,"['10.net', '240.net']"
76561198436793063,"['10.net', '240.net']"
76561198437689819,"['10.net', '240.net']"
76561198438150831,"['10.net', '240.net']"
76561198439745290,"['10.net', '240.net']"
76561198439883081,"['10.net', '240.net']"
76561198442344274,"['10.net', '240.net']"
76561198446297289,"['10.net', '240.net']"
76561198446717315,"['10.net', '240.net']"
76561198447564280,"['10.net', '240.net']"
76561198449429870,"['10.net', '240.net']"
76561198449773309,"['10.net', '240.net']"
76561198451979068,"['10.net', '240.net']"
76561198452106916,"['10.net', '240.net']"
76561198453341958,"['10.net', '240.net']"
76561198453711714,"['10.net', '240.net']"
76561198668821559,"['10.net', '240.net']"
76561198795952917,"['10.net', '240.net']"
76561198796195734,"['10.net', '240.net']"
76561198796487993,"['10.net', '240.net']"
76561198796851430,"['10.net', '240.net']"
76561198797306713,"['10.net', '240.net']"
76561198800731333,"['10.net', '240.net']"
76561198800977733,"['10.net', '240.net']"
76561198801446695,"['10.net', '240.net']"
76561198804074529,"['10.net', '240.net']"
76561198804361505,"['10.net', '240.net']"
76561198804989053,"['10.net', '240.net']"
76561198805153905,"['10.net', '240.net']"
76561198806219523,"['10.net', '340.net', '240.net']"
76561198807170173,"['10.net', '240.net']"
76561198807434202,"['10.net', '240.net']"
76561198808448094,"['10.net', '240.net']"
76561198808666885,"['10.net', '240.net']"
76561198811627046,"['10.net', '240.net']"
76561198812323549,"['10.net', '240.net']"
76561198812810957,"['10.net', '240.net']"
76561198812853327,"['10.net', '240.net']"
76561198814048219,"['10.net', '240.net', '320.net']"
76561198814694135,"['10.net', '240.net']"
76561198814958234,"['10.net', '240.net']"
76561198815958762,"['10.net', '240.net']"
76561198815969732,"['10.net', '240.net']"
76561198819510872,"['10.net', '240.net']"
76561198820644624,"['10.net', '240.net']"
76561198822351743,"['10.net', '240.net']"
76561198823176523,"['10.net', '240.net']"
76561198823457910,"['10.net', '240.net']"
76561198823576022,"['10.net', '240.net']"
76561198824060004,"['10.net', '240.net']"
76561198824808633,"['10.net', '240.net']"
76561198828407216,"['10.net', '240.net']"
76561198828618380,"['10.net', '240.net']"
76561198829884810,"['10.net', '240.net']"
76561198830427650,"['10.net', '240.net']"
76561197999248028,"['8930.net', '620.net']"
76561198044477411,"['8930.net', '340.net']"
76561198809156345,"['1097150.net', '730.net']"
76561198826107091,"['1097150.net', '252950.net']"
76561198846377902,"['1097150.net', '240.net']"
76561198188093413,"['1938090.net', '440.net']"
76561198001175797,"['1623730.net', '377160.net']"
76561198186017098,"['1623730.net', '377160.net']"
76561198847906381,"['1623730.net', '377160.net']"
76561198854430127,"['291550.net', '440.net']"
76561197970414019,"['570.net', '552990.net']"
76561198038162732,"['553850.net', '433850.net']"
76561199277578730,"['4000.net', '236390.net']"
76561199096133688,"['4000.net', '236390.net']"
76561199467107029,"['4000.net', '236390.net']"
76561199258003624,"['4000.net', '236390.net']"
76561199024166817,"['4000.net', '236390.net']"
76561199232568973,"['4000.net', '236390.net']"
76561198360741042,"['4000.net', '236390.net']"
76561198025516697,"['377160.net', '322330.net']"
76561198201618610,"['377160.net', '1063730.net']"
76561197994374201,"['251570.net', '1172470.net']"
76561198330954877,"['251570.net', '1172470.net']"
76561198017159207,"['400.net', '236390.net']"
76561198073845488,"['901583.net', '320.net']"
76561198831551023,"['901583.net', '320.net']"
76561199624628852,"['901583.net', '320.net']"
76561198130704943,"['901583.net', '320.net']"
76561198237831634,"['901583.net', '320.net']"
76561199063091871,"['901583.net', '320.net']"
76561199231030105,"['901583.net', '340.net']"
76561198084299767,"['901583.net', '320.net']"
76561199026308981,"['901583.net', '340.net', '320.net']"
76561198992804232,"['901583.net', '320.net']"
76561199174308724,"['901583.net', '320.net']"
76561199364814518,"['901583.net', '340.net']"
76561198958663261,"['901583.net', '320.net']"
76561198373179419,"['901583.net', '320.net']"
76561198897560804,"['901583.net', '320.net']"
76561198076852024,"['901583.net', '320.net']"
76561198840140335,"['901583.net', '320.net']"
76561199018097392,"['901583.net', '320.net']"
76561199027158156,"['901583.net', '340.net']"
76561198123031865,"['901583.net', '320.net']"
76561198255860288,"['814380.net', '440.net']"
76561198318893421,"['814380.net', '1966720.net']"
76561198357958922,"['814380.net', '1063730.net']"
76561198065441328,"['814380.net', '320.net']"
76561198126893981,"['814380.net', '1966720.net']"
76561197968125636,"['552990.net', '1085660.net']"
76561198164332067,"['552990.net', '1085660.net']"
76561198146151032,"['552990.net', '292030.net']"
76561198144911224,"['1063730.net', '236390.net']"
76561198119609795,"['1063730.net', '320.net']"
76561198327205690,"['340.net', '320.net']"
76561198082333806,"['340.net', '320.net']"
76561198218943151,"['340.net', '320.net']"
76561199070702210,"['340.net', '320.net']"
76561198090223772,"['620.net', '108600.net']"
76561199162245445,"['620.net', '108600.net']"
76561199041974019,"['620.net', '108600.net']"
76561199521655816,"['620.net', '108600.net']"
76561199389702548,"['620.net', '108600.net']"
76561199276106401,"['620.net', '108600.net']"
76561198314635685,"['620.net', '108600.net']"
76561198353372340,"['620.net', '108600.net']"
76561198300369633,"['620.net', '108600.net']"
76561198043887593,"['620.net', '108600.net']"
76561198091915296,"['620.net', '108600.net']"
76561199211006452,"['620.net', '108600.net']"
76561198909946661,"['620.net', '108600.net']"
76561198111963549,"['620.net', '108600.net']"
76561198975662062,"['620.net', '108600.net']"
76561198125282843,"['620.net', '108600.net']"
76561198388750573,"['620.net', '108600.net']"
76561198165700155,"['620.net', '108600.net']"
76561199207946369,"['620.net', '108600.net']"
76561199016486663,"['620.net', '108600.net']"
76561199234140762,"['620.net', '108600.net']"
76561198319811063,"['620.net', '108600.net']"
76561199033257833,"['620.net', '108600.net']"
76561199105963214,"['620.net', '108600.net']"
76561198037722805,"['620.net', '108600.net']"
76561199520601832,"['620.net', '108600.net']"
76561198084126364,"['620.net', '108600.net']"
76561197975277652,"['620.net', '108600.net']"
76561198045715971,"['620.net', '108600.net']"
76561199268274549,"['620.net', '108600.net']"
76561199200668558,"['620.net', '108600.net']"
76561198171946319,"['620.net', '108600.net']"
76561198333193158,"['620.net', '108600.net']"
76561198049294742,"['620.net', '108600.net']"
76561199032239540,"['620.net', '108600.net']"
76561199177066766,"['620.net', '108600.net']"
76561197996892993,"['620.net', '108600.net']"
76561198163117970,"['620.net', '108600.net']"
76561198164389898,"['620.net', '108600.net']"
76561198950879045,"['620.net', '108600.net']"
76561198102434887,"['620.net', '108600.net']"
76561198117100179,"['620.net', '108600.net']"
76561198839727563,"['620.net', '108600.net']"
76561199015533393,"['620.net', '108600.net']"
76561198090780599,"['620.net', '108600.net']"
76561198132332983,"['620.net', '108600.net']"
76561198973095710,"['620.net', '108600.net']"
76561198093556832,"['620.net', '108600.net']"
76561199000383800,"['620.net', '108600.net']"
76561198367819095,"['620.net', '108600.net']"
76561198874250093,"['620.net', '108600.net']"
76561198832934477,"['620.net', '108600.net']"
76561198242778316,"['620.net', '108600.net']"
76561198202341391,"['620.net', '108600.net']"
76561198218250621,"['620.net', '108600.net']"
76561198197229206,"['620.net', '108600.net']"
76561198822240788,"['620.net', '108600.net']"
76561198077631893,"['620.net', '108600.net']"
76561198859368107,"['620.net', '108600.net']"
76561198003746171,"['620.net', '108600.net']"
76561198326454766,"['648800.net', '433850.net']"
76561198894340052,"['240.net', '320.net']"
76561199081411415,"['320.net', '108600.net']"
76561198170849705,"['320.net', '236390.net']"
76561197994902942,"['440.net', '1966720.net']"
76561198046841025,"['322330.net', '433850.net']"
